Ticker,Type,Link
FETH,10K,https://www.sec.gov/Archives/edgar/data/2000046/000119312526071486/ck0002000046-20251231.htm
FETH,10K,https://www.sec.gov/Archives/edgar/data/2000046/000095017025039374/ck0002000046-20241231.htm
FETH,10Q,https://www.sec.gov/Archives/edgar/data/2000046/000119312526208449/ck0002000046-20260331.htm
FETH,10Q,https://www.sec.gov/Archives/edgar/data/2000046/000119312525271731/ck0002000046-20250930.htm
FETH,10Q,https://www.sec.gov/Archives/edgar/data/2000046/000095017025105581/ck0002000046-20250630.htm
FETH,10Q,https://www.sec.gov/Archives/edgar/data/2000046/000095017025067925/ck0002000046-20250331.htm
FETH,10Q,https://www.sec.gov/Archives/edgar/data/2000046/000095017024126257/ck0002000046-20240930.htm
FETH,10Q,https://www.sec.gov/Archives/edgar/data/2000046/000095017024100125/ck0002000046-20240630.htm
IBIT,10K,https://www.sec.gov/Archives/edgar/data/1980994/000143774926006058/bit20251231_10k.htm
IBIT,10K,https://www.sec.gov/Archives/edgar/data/1980994/000143774925006260/bit20241231_10k.htm
IBIT,10K,https://www.sec.gov/Archives/edgar/data/1980994/000143774924006339/bit20231231_10k.htm
IBIT,10Q,https://www.sec.gov/Archives/edgar/data/1980994/000143774926015538/bit20260331_10q.htm
IBIT,10Q,https://www.sec.gov/Archives/edgar/data/1980994/000143774925033435/bit20250930_10q.htm
IBIT,10Q,https://www.sec.gov/Archives/edgar/data/1980994/000143774925024884/bit20250630_10q.htm
IBIT,10Q,https://www.sec.gov/Archives/edgar/data/1980994/000143774925015168/bit20250331_10q.htm
IBIT,10Q,https://www.sec.gov/Archives/edgar/data/1980994/000143774924033812/bit20240930c_10q.htm
IBIT,10Q,https://www.sec.gov/Archives/edgar/data/1980994/000143774924025406/bit20240630c_10q.htm
IBIT,10Q,https://www.sec.gov/Archives/edgar/data/1980994/000143774924015392/bit20240331c_10q.htm
FBTC,10K,https://www.sec.gov/Archives/edgar/data/1852317/000119312526071484/ck0001852317-20251231.htm
FBTC,10K,https://www.sec.gov/Archives/edgar/data/1852317/000095017025039452/ck0001852317-20241231.htm
FBTC,10K,https://www.sec.gov/Archives/edgar/data/1852317/000095017024034695/ck0001852317-20231231.htm
FBTC,10Q,https://www.sec.gov/Archives/edgar/data/1852317/000119312526208428/ck0001852317-20260331.htm
FBTC,10Q,https://www.sec.gov/Archives/edgar/data/1852317/000119312525271721/ck0001852317-20250930.htm
FBTC,10Q,https://www.sec.gov/Archives/edgar/data/1852317/000095017025105585/ck0001852317-20250630.htm
FBTC,10Q,https://www.sec.gov/Archives/edgar/data/1852317/000095017025067926/ck0001852317-20250331.htm
FBTC,10Q,https://www.sec.gov/Archives/edgar/data/1852317/000095017024126256/ck0001852317-20240930.htm
FBTC,10Q,https://www.sec.gov/Archives/edgar/data/1852317/000095017024094562/ck0001852317-20240630.htm
FBTC,10Q,https://www.sec.gov/Archives/edgar/data/1852317/000095017024056545/ck0001852317-20240331.htm
GBTC,10K,https://www.sec.gov/Archives/edgar/data/1588489/000119312526071956/gbtc-20251231.htm
GBTC,10K,https://www.sec.gov/Archives/edgar/data/1588489/000095017025029408/gbtc-20241231.htm
GBTC,10K,https://www.sec.gov/Archives/edgar/data/1588489/000119312524043678/d736998d10k.htm
GBTC,10K,https://www.sec.gov/Archives/edgar/data/1588489/000119312523054302/d453116d10k.htm
GBTC,10K,https://www.sec.gov/Archives/edgar/data/1588489/000119312522053501/d289251d10k.htm
GBTC,10Q,https://www.sec.gov/Archives/edgar/data/1588489/000119312526206329/gbtc-20260331.htm
GBTC,10Q,https://www.sec.gov/Archives/edgar/data/1588489/000119312525266861/gbtc-20250930.htm
GBTC,10Q,https://www.sec.gov/Archives/edgar/data/1588489/000095017025101400/gbtc-20250630.htm
GBTC,10Q,https://www.sec.gov/Archives/edgar/data/1588489/000095017025062731/gbtc-20250331.htm
GBTC,10Q,https://www.sec.gov/Archives/edgar/data/1588489/000095017024120125/gbtc-20240930.htm
GBTC,10Q,https://www.sec.gov/Archives/edgar/data/1588489/000095017024089612/gbtc-20240630.htm
GBTC,10Q,https://www.sec.gov/Archives/edgar/data/1588489/000119312524130893/d817613d10q.htm
GBTC,10Q,https://www.sec.gov/Archives/edgar/data/1588489/000119312523269949/d499004d10q.htm
GBTC,10Q,https://www.sec.gov/Archives/edgar/data/1588489/000119312523203484/d499339d10q.htm
GBTC,10Q,https://www.sec.gov/Archives/edgar/data/1588489/000119312523136622/d461307d10q.htm
GBTC,10Q,https://www.sec.gov/Archives/edgar/data/1588489/000119312522277465/d737308d10q.htm
GBTC,10Q,https://www.sec.gov/Archives/edgar/data/1588489/000119312522213605/d371731d10q.htm
GBTC,10Q,https://www.sec.gov/Archives/edgar/data/1588489/000119312522143093/d354816d10q.htm
GBTC,10Q,https://www.sec.gov/Archives/edgar/data/1588489/000156459021054757/gbtc-10q_20210930.htm
GBTC,10Q,https://www.sec.gov/Archives/edgar/data/1588489/000156459021041930/gbtc-10q_20210630.htm
ETHA,10K,https://www.sec.gov/Archives/edgar/data/2000638/000143774926006054/etha20251231_10k.htm
ETHA,10K,https://www.sec.gov/Archives/edgar/data/2000638/000143774925006261/iset20241231_10k.htm
ETHA,10Q,https://www.sec.gov/Archives/edgar/data/2000638/000143774926015531/etha20260331_10q.htm
ETHA,10Q,https://www.sec.gov/Archives/edgar/data/2000638/000143774925033432/iset20250930_10q.htm
ETHA,10Q,https://www.sec.gov/Archives/edgar/data/2000638/000143774925024883/iset20250630_10q.htm
ETHA,10Q,https://www.sec.gov/Archives/edgar/data/2000638/000143774925015164/iset20250331_10q.htm
ETHA,10Q,https://www.sec.gov/Archives/edgar/data/2000638/000143774924033814/iset20240930c_10q.htm
ETHA,10Q,https://www.sec.gov/Archives/edgar/data/2000638/000143774924025407/iset20240630_10q.htm
ETHE,10K,https://www.sec.gov/Archives/edgar/data/1725210/000119312526071965/ethe-20251231.htm
ETHE,10K,https://www.sec.gov/Archives/edgar/data/1725210/000095017025029411/ethe-20241231.htm
ETHE,10K,https://www.sec.gov/Archives/edgar/data/1725210/000095017024019125/ethe-20231231.htm
ETHE,10K,https://www.sec.gov/Archives/edgar/data/1725210/000095017023005234/ethe-20221231.htm
ETHE,10K,https://www.sec.gov/Archives/edgar/data/1725210/000095017022002041/ethe-20211231.htm
ETHE,10Q,https://www.sec.gov/Archives/edgar/data/1725210/000119312526214610/ethe-20260331.htm
ETHE,10Q,https://www.sec.gov/Archives/edgar/data/1725210/000119312525266935/ethe-20250930.htm
ETHE,10Q,https://www.sec.gov/Archives/edgar/data/1725210/000095017025101410/ethe-20250630.htm
ETHE,10Q,https://www.sec.gov/Archives/edgar/data/1725210/000095017025062752/ethe-20250331.htm
ETHE,10Q,https://www.sec.gov/Archives/edgar/data/1725210/000095017024120130/ethe-20240930.htm
ETHE,10Q,https://www.sec.gov/Archives/edgar/data/1725210/000095017024089614/ethe-20240630.htm
ETHE,10Q,https://www.sec.gov/Archives/edgar/data/1725210/000119312524130897/d812441d10q.htm
ETHE,10Q,https://www.sec.gov/Archives/edgar/data/1725210/000095017023058537/ethe-20230930.htm
ETHE,10Q,https://www.sec.gov/Archives/edgar/data/1725210/000095017023038363/ethe-20230630.htm
ETHE,10Q,https://www.sec.gov/Archives/edgar/data/1725210/000095017023018102/ethe-20230331.htm
ETHE,10Q,https://www.sec.gov/Archives/edgar/data/1725210/000095017022022071/ethe-20220930.htm
ETHE,10Q,https://www.sec.gov/Archives/edgar/data/1725210/000095017022014964/ethe-20220630.htm
ETHE,10Q,https://www.sec.gov/Archives/edgar/data/1725210/000095017022008006/ethe-20220331.htm
ETHE,10Q,https://www.sec.gov/Archives/edgar/data/1725210/000156459021054758/ethe-10q_20210930.htm
ETHE,10Q,https://www.sec.gov/Archives/edgar/data/1725210/000156459021041931/ethe-10q_20210630.htm